01/2021,1/18/2021,2629904.00,0.00,,HON.HIGH COURT JUDGE -  HIGH COURT COLOMBO-12,,Imprest TO  HO,E,Imprest From HO-P,,A02,328/21,P,1,2629904.00,0.00,,2629904.00,
05/2021,1/29/2021,895748.00,0.00,,HON.HIGH COURT JUDGE -  HIGH COURT COLOMBO-12,,Imprest TO HO,E,Imprest From HO-P,,A02,328/21,P,1,895748.00,0.00,,895748.00,
08/2021,2/15/2021,2874184.00,0.00,,HON.HIGH COURT JUDGE COLOMBO,,Imprest to HO,E,Imprest From HO-P,,A02,328/21,P,2,2874184.00,0.00,,2874184.00,
11/2021,2/25/2021,3138608.00,0.00,,HON.HIGH COURT JUDGE COLOMBO-12,,Imprest TO HO,E,Imprest From HO-P,,A02,328/21,P,2,3138608.00,0.00,,3138608.00,
16/2021,3/15/2021,6163455.00,0.00,,HON HIGH COURT JUDGE HIGH COUT COLOMBO,,Imprest TO HO,E,Imprest From HO-P,,A02,328/21,P,3,6163455.00,0.00,,6163455.00,
22/2021,3/31/2021,3219434.00,0.00,,HON.HIGH COURT JUDGE HIGH COUT COLOMBO-12,,Imprest TO HO,E,Imprest From HO-P,,A02,328/21,P,3,3219434.00,0.00,,3219434.00,
28/2021,4/15/2021,3394538.00,0.00,,HON.HIGH COURT JUDGE -  HIGH COURT COLOMBO,,Imprest TO HO,E,Imprest From HO-P,,A02,328/21,P,4,3394538.00,0.00,,3394538.00,
33/2021,4/30/2021,2402127.00,0.00,,HON.HIGH COURT JUDGE  -  HIGH COURT COLOMBO,,Imprest TO HO,E,Imprest From HO-P,,A02,328/21,P,4,2402127.00,0.00,,2402127.00,
37/2021,5/13/2021,1252595.00,0.00,,HON.HIGH COURT JUDGE HIGH COURT COLOMBO,,Imprest TOHO,E,Imprest From HO-P,,A02,328/21,P,5,1252595.00,0.00,,1252595.00,
39/2021,5/31/2021,1108180.00,0.00,,HON.HIGH COURT JUDGE HIGH COURT COLOMBO-12,,Imprest TO HO,E,Imprest From HO-P,,A02,328/21,P,5,1108180.00,0.00,,1108180.00,
41/2021,6/30/2021,5866158.00,0.00,,HON.HIGH COURT JUDGE -  HIGH COURT COLOMBO-12,,Imprest TO HO,E,Imprest From HO-P,,A02,328/21,P,6,5866158.00,0.00,,5866158.00,
44/2021,7/15/2021,2968085.00,0.00,,HON.HIGH COURT JUDGE -  HIGH COURT COLOMBO-12,,Imprest TO HO,E,Imprest From HO-P,,A02,328/21,P,7,2968085.00,0.00,,2968085.00,
46/2021,7/30/2021,2113922.75,0.00,,HON.HIGH COURT JUDGE  - HIGH COURT COLOMBO-12,,Imprest TO HO,E,Imprest From HO-P,,A02,328/21,P,7,2113922.75,0.00,,2113922.75,
47/2021,8/16/2021,1838049289.00,0.00,,HON.HIGH COUT JUDGE COLOMBO,,Imprest TO HO,E,Imprest From HO-P,,A02,328/21,P,8,1838049289.00,0.00,,1838049289.00,
49/2021,8/31/2021,1601134.00,0.00,,HON.HIGH COURT JUDGE COLOMBO-12,,Imprest TO HO,E,Imprest From HO-P,,A02,328/21,P,8,1601134.00,0.00,,1601134.00,
51/2021,9/30/2021,2820740.00,0.00,,HON.HIGH COURT JUDGE COLOMBO-12,,Imprest TO HO,E,Imprest From HO-P,,A02,328/21,P,9,2820740.00,0.00,,2820740.00,
52/2021,10/18/2021,430684.00,0.00,,Hon.High Court Judge -  High Court Colombo-12,,Imprest to HC,E,Imprest From HO-P,,A02,328/21,P,10,430684.00,0.00,,430684.00,
56/2021,10/29/2021,1234445.00,0.00,,Hon.High Court Judge -  High Court Colombo-12,,Imprest to Ho,E,Imprest From HO-P,,A02,328/21,P,10,1234445.00,0.00,,1234445.00,
60/2021,11/15/2021,4994149.50,0.00,,HON.HIGH COURT JUDGE HIGH COURT COLOMBO 12,,Imprest TO HO,E,Imprest From HO-P,,A02,328/21,P,11,4994149.50,0.00,,4994149.50,
67/2021,11/30/2021,892930.00,0.00,,HON.HIGH COURT JUDGE HIGH COURT COLOMBO,,Imprest TO HO,E,Imprest From HO-P,,A02,328/21,P,11,892930.00,0.00,,892930.00,
