01/2018,1/16/2018,1095947.00,0.00,,HC JUDGE COLOMBO,,Imprest To HO,E,Imprest From HO-P,,A02,328/18,P,1,1095947.00,0.00,,1095947.00,
06/2018,1/30/2018,1781229.00,0.00,,HC JUDGE COLOMBO,,Imprest to HO,E,Imprest From HO-P,,A02,328/18,P,1,1781229.00,0.00,,1781229.00,
14/2018,2/16/2018,1614163.00,0.00,,HC JUDGE COLOMBO 12,,Imprest To HO,E,Imprest From HO-P,,A02,328/18,P,2,1614163.00,0.00,,1614163.00,
15/2018,2/28/2018,1104649.00,0.00,,HC JUDGE COLOMBO 12,,Imprest to HO,E,Imprest From HO-P,,A02,328/18,P,2,1104649.00,0.00,,1104649.00,
21/2018,3/15/2018,1128623.50,0.00,,HIGH COURT COLOMBO,,IMPREST TO HIGH COURT COLOMBO,E,Imprest From HO-P,,A02,328/18,P,3,1128623.50,0.00,,1128623.50,
26/2018,3/29/2018,1872765.00,0.00,,HIGH COURT JUDGE HIGH COURT COLOMBO-12,,IMPREST TO HIGH COURT COLOMBO,E,Imprest From HO-P,,A02,328/18,P,3,1872765.00,0.00,,1872765.00,
30/2018,4/12/2018,2150199.00,0.00,,HIGH COURT COLOMBO,,IMPREST TO HC,E,Imprest From HO-P,,A02,328/18,P,4,2150199.00,0.00,,2150199.00,
32/2018,4/27/2018,2978883.00,0.00,,high court colombo,,Imprest to Hc,E,Imprest From HO-P,,A02,328/18,P,4,2978883.00,0.00,,2978883.00,
38/2018,5/15/2018,901328.00,0.00,,HIGH COURT COLOMBO,,Imprest to HO,E,Imprest From HO-P,,A02,328/18,P,5,901328.00,0.00,,901328.00,
49/2018,5/31/2018,1149010.00,0.00,,HIGH COURT JUDGE COLOMBO-12,,Imprest TO HO,E,Imprest From HO-P,,A02,328/18,P,5,1149010.00,0.00,,1149010.00,
55/2018,6/18/2018,921528.00,0.00,,HIGH COURT COLOMBO,,Imprest to HC,E,Imprest From HO-P,,A02,328/18,P,6,921528.00,0.00,,921528.00,
60/2018,6/29/2018,115532464.71,0.00,,HIGH COURT COLOMBO-12,,Imprest TO HC,E,Imprest From HO-P,,A02,328/18,P,6,115532464.71,0.00,,115532464.71,
68/2018,7/13/2018,1962123.00,0.00,,High court judge colombo,,Imprest to HO,E,Imprest From HO-P,,A02,328/18,P,7,1962123.00,0.00,,1962123.00,
73/2018,7/31/2018,12195178.05,0.00,,HIGH COURT JUDGE COLOMBO,,Imprest TO HO,E,Imprest From HO-P,,A02,328/18,P,7,12195178.05,0.00,,12195178.05,
81/2018,8/15/2018,2969574912.53,0.00,,HON.HIGH COURT JUDGE COLOMBO,,IMPREST TO HC,E,Imprest From HO-P,,A02,328/18,P,8,2969574912.53,0.00,,2969574912.53,
82/2018,8/31/2018,3644088.00,0.00,,HIGH COURT JUDGE COLOMBO,,IMPREST TO HC,E,Imprest From HO-P,,A02,328/18,P,8,3644088.00,0.00,,3644088.00,
94/2018,9/14/2018,3394779.00,0.00,,HIGH COURT JUDGE COLOMBO,,Imprest TO HO,E,Imprest From HO-P,,A02,328/18,P,9,3394779.00,0.00,,3394779.00,
104/2018,10/16/2018,3685268.00,0.00,,HIGH COURT JUDGE COLOMBO,,IMPREST TO HC,E,Imprest From HO-P,,A02,328/18,P,10,3685268.00,0.00,,3685268.00,
119/2018,10/31/2018,3094362.00,0.00,,HIGH COURT JUDGE COLOMBO,,IMPREST TO HO,E,Imprest From HO-P,,A02,328/18,P,10,3094362.00,0.00,,3094362.00,
95/2018,9/28/2018,2745713.00,0.00,,HIGH COURT JUDGE COLOMBO,,Imprest TO HO,E,Imprest From HO-P,,A02,328/18,P,9,2745713.00,0.00,,2745713.00,
