01/2022,1/13/2022,1688229.00,0.00,,HON.HIGH COURT JUDGE HIGH COURT COLOMBO-12,,Imprest TO HO,E,Imprest From HO-P,,A02,328/22,P,1,1688229.00,0.00,,1688229.00,
09/2022,1/31/2022,3180965.00,0.00,,HON.HIGH COURT JUDGE HIGH COURT COLOMBO-12,,Imprest TO HO,E,Imprest From HO-P,,A02,328/22,P,1,3180965.00,0.00,,3180965.00,
12/2022,2/15/2022,3220714.00,0.00,,HON.HIGH COURT JUDGE HIGH COURT COLOMBO-12,,Imprest TO HO,E,Imprest From HO-P,,A02,328/22,P,2,3220714.00,0.00,,3220714.00,
17/2022,2/28/2022,1233003.00,0.00,,HON.HIGH COURT JUDGE HIGH COURT COLOMBO,,Imprest TO HO,E,Imprest From HO-P,,A02,328/22,P,2,1233003.00,0.00,,1233003.00,
27/2022,3/15/2022,13805146.00,0.00,,HON.HIGH COURT JUDGE HIGH COURT COLOMBO,,Imprest TO HO,E,Imprest From HO-P,,A02,328/22,P,3,13805146.00,0.00,,13805146.00,
33/2022,3/31/2022,5387652.00,0.00,,HON.HIGH COURT JUDGE HIGH COURT COLOMBO,,Imprest TO HO,E,Imprest From HO-P,,A02,328/22,P,3,5387652.00,0.00,,5387652.00,
44/2022,4/29/2022,11245952.00,0.00,,HON - HIGH COURT JUDGE HIGH COURT COLOMBO-12,,Imprest TO HO,E,Imprest From HO-P,,A02,328/22,P,4,11245952.00,0.00,,11245952.00,
49/2022,5/17/2022,466024.00,0.00,,HON.HIGH COURT JUDGE -  HIGH COURT COLOMBO-12,,Imprest TO HO,E,Imprest From HO-P,,A02,328/22,P,5,466024.00,0.00,,466024.00,
53/2022,5/31/2022,1205880.00,0.00,,HON.HIGH COURT JUDGE. HIGH COURT COLOMBO-12,,Imprest to HO,E,Imprest From HO-P,,A02,328/22,P,5,1205880.00,0.00,,1205880.00,
54/2022,6/16/2022,10804333.00,0.00,,HON.HIGH COURT JUDGE - HIGH COURT COLOMBO-12,,Imprest TO HO,E,Imprest From HO-P,,A02,328/22,P,6,10804333.00,0.00,,10804333.00,
60/2022,6/30/2022,23810001.75,0.00,,HON.HIGH COURT JUDGE HIGH COURT COLOMBO-12,,Imprest TO HO,E,Imprest From HO-P,,A02,328/22,P,6,23810001.75,0.00,,23810001.75,
