01/2020,1/13/2020,3248521.00,0.00,,HON.HIGH COURT JUDGE HIGH COURT COLOMBO,,,E,Imprest From HO-P,,A02,328/20,P,1,3248521.00,0.00,,3248521.00,
04/2020,1/31/2020,4811624.00,0.00,,HON.HIGH COURT JUDGE HIGH COURT COLOMBO,,,E,Imprest From HO-P,,A02,328/20,P,1,4811624.00,0.00,,4811624.00,
10/2020,2/14/2020,775073.00,0.00,,HON.HIGH COURT JUDGE COLOMBO,,Imprest TO HO,E,Imprest From HO-P,,A02,328/20,P,2,775073.00,0.00,,775073.00,
13/2020,2/28/2020,2251132.00,0.00,,HON.HIGH COURT JUDGE HIGH COURT COLOMBO-12,,Imprest to HO,E,Imprest From HO-P,,A02,328/20,P,2,2251132.00,0.00,,2251132.00,
17/2020,3/31/2020,5372991.00,0.00,,HON.HIGH COURT JUDGE COLOMBO,,IMPREST TO HC,E,Imprest From HO-P,,A02,328/20,P,3,5372991.00,0.00,,5372991.00,
21/2020,5/29/2020,571057.00,0.00,,HON - HIGH COURT JUDGE COLOMBO-12,,Imprest TO HO,E,Imprest From HO-P,,A02,328/20,P,5,571057.00,0.00,,571057.00,
25/2020,6/15/2020,2185986.00,0.00,,HON.HIGH COURT JUDGE -  HIGH COURT COLOMBO,,Imprest TO HO,E,Imprest From HO-P,,A02,328/20,P,6,2185986.00,0.00,,2185986.00,
33/2020,6/30/2020,811806.00,0.00,,HON.HIGH COURT JUDGE - HIGH COURT COLOMBO,,Imprest to HO,E,Imprest From HO-P,,A02,328/20,P,6,811806.00,0.00,,811806.00,
39/2020,7/15/2020,849465.00,0.00,,HON.HIGH COURT JUDGE COLOMBO-12,,Imprest to HO,E,Imprest From HO-P,,A02,328/20,P,7,849465.00,0.00,,849465.00,
45/2020,7/31/2020,2095589.65,0.00,,HON.HIGH COURT JUDGE HIGH COURT COLOMBO,,Imprest to HO,E,Imprest From HO-P,,A02,328/20,P,7,2095589.65,0.00,,2095589.65,
46/2020,8/17/2020,1518103.08,0.00,,HON.HIGH COURT JUDGE - HIGH COURT COLOMBO,,Imprest to HO,E,Imprest From HO-P,,A02,328/20,P,8,1518103.08,0.00,,1518103.08,
52/2020,8/31/2020,1617669.00,0.00,,HON.HIGH COURT JUDGE -  HIGH COURT COLOMBO-12,,Imprest to HO,E,Imprest From HO-P,,A02,328/20,P,8,1617669.00,0.00,,1617669.00,
P200954/2020,9/15/2020,922461.00,0.00,,HON.HIGH COURT JUDGE HIGH COUT COLOMBO-12,,Imprest TO HO,E,Imprest From HO-P,,A02,328/20,P,9,922461.00,0.00,,922461.00,
60/2020,9/30/2020,720468.00,0.00,,HON.HIGH COURT JUDGE HIGH COURT COLOMBO-12,,Imprest TO HO,E,Imprest From HO-P,,A02,328/20,P,9,720468.00,0.00,,720468.00,
65/2020,10/16/2020,2044089.00,0.00,,HON.HIGH COURT JUDGE COLOMBO-12,,,E,Imprest From HO-P,,A02,328/20,P,10,2044089.00,0.00,,2044089.00,
69/2020,10/23/2020,2269472.50,0.00,,HON.HIGH COURT JUDGE COLOMBO-12,,,E,Imprest From HO-P,,A02,328/20,P,10,2269472.50,0.00,,2269472.50,
70/2020,11/30/2020,31047.50,0.00,,HON.HIGH COURT JUDGE HIGH COURT COLOMBO-12,,Imprest TO HO,E,Imprest From HO-P,,A02,328/20,P,11,31047.50,0.00,,31047.50,
71/2020,12/15/2020,500000.00,0.00,,Hon.High Court Judge High Court Colombo-12,,Imprest to HO,E,Imprest From HO-P,,A02,328/20,P,12,500000.00,0.00,,500000.00,
73/2020,12/28/2020,172599.92,0.00,,Imprest settlement December 2020,,Imprest settlement to HO,E,Imprest From HO-P,,A02,328/20,P,12,172599.92,0.00,,172599.92,
74/2020,12/28/2020,126165.00,0.00,,HON.HIGH COURT JUDGE HIGH COURT COLOMBO-12,,Imprest to HO,E,Imprest From HO-P,,A02,328/20,P,12,126165.00,0.00,,126165.00,
