01/2020,1/13/2020,3248521.00,0.00,,HON.HIGH COURT JUDGE HIGH COURT COLOMBO,,,E,Imprest From HO-P,,A02,328/20,P,1,3248521.00,0.00,,3248521.00,
04/2020,1/31/2020,4811624.00,0.00,,HON.HIGH COURT JUDGE HIGH COURT COLOMBO,,,E,Imprest From HO-P,,A02,328/20,P,1,4811624.00,0.00,,4811624.00,
10/2020,2/14/2020,775073.00,0.00,,HON.HIGH COURT JUDGE COLOMBO,,Imprest TO HO,E,Imprest From HO-P,,A02,328/20,P,2,775073.00,0.00,,775073.00,
13/2020,2/28/2020,2251132.00,0.00,,HON.HIGH COURT JUDGE HIGH COURT COLOMBO-12,,Imprest to HO,E,Imprest From HO-P,,A02,328/20,P,2,2251132.00,0.00,,2251132.00,
17/2020,3/31/2020,5372991.00,0.00,,HON.HIGH COURT JUDGE COLOMBO,,IMPREST TO HC,E,Imprest From HO-P,,A02,328/20,P,3,5372991.00,0.00,,5372991.00,
21/2020,5/29/2020,571057.00,0.00,,HON - HIGH COURT JUDGE COLOMBO-12,,Imprest TO HO,E,Imprest From HO-P,,A02,328/20,P,5,571057.00,0.00,,571057.00,
25/2020,6/15/2020,2185986.00,0.00,,HON.HIGH COURT JUDGE -  HIGH COURT COLOMBO,,Imprest TO HO,E,Imprest From HO-P,,A02,328/20,P,6,2185986.00,0.00,,2185986.00,
33/2020,6/30/2020,811806.00,0.00,,HON.HIGH COURT JUDGE - HIGH COURT COLOMBO,,Imprest to HO,E,Imprest From HO-P,,A02,328/20,P,6,811806.00,0.00,,811806.00,
