01/2022,1/13/2022,1688229.00,0.00,,HON.HIGH COURT JUDGE HIGH COURT COLOMBO-12,,Imprest TO HO,E,Imprest From HO-P,,A02,328/22,P,1,1688229.00,0.00,,1688229.00,
09/2022,1/31/2022,3180965.00,0.00,,HON.HIGH COURT JUDGE HIGH COURT COLOMBO-12,,Imprest TO HO,E,Imprest From HO-P,,A02,328/22,P,1,3180965.00,0.00,,3180965.00,
12/2022,2/15/2022,3220714.00,0.00,,HON.HIGH COURT JUDGE HIGH COURT COLOMBO-12,,Imprest TO HO,E,Imprest From HO-P,,A02,328/22,P,2,3220714.00,0.00,,3220714.00,
17/2022,2/28/2022,1233003.00,0.00,,HON.HIGH COURT JUDGE HIGH COURT COLOMBO,,Imprest TO HO,E,Imprest From HO-P,,A02,328/22,P,2,1233003.00,0.00,,1233003.00,
27/2022,3/15/2022,13805146.00,0.00,,HON.HIGH COURT JUDGE HIGH COURT COLOMBO,,Imprest TO HO,E,Imprest From HO-P,,A02,328/22,P,3,13805146.00,0.00,,13805146.00,
33/2022,3/31/2022,5387652.00,0.00,,HON.HIGH COURT JUDGE HIGH COURT COLOMBO,,Imprest TO HO,E,Imprest From HO-P,,A02,328/22,P,3,5387652.00,0.00,,5387652.00,
