01/2020,1/13/2020,3248521.00,0.00,,HON.HIGH COURT JUDGE HIGH COURT COLOMBO,,,E,Imprest From HO-P,,A02,328/20,P,1,3248521.00,0.00,,3248521.00,
04/2020,1/31/2020,4811624.00,0.00,,HON.HIGH COURT JUDGE HIGH COURT COLOMBO,,,E,Imprest From HO-P,,A02,328/20,P,1,4811624.00,0.00,,4811624.00,
10/2020,2/14/2020,775073.00,0.00,,HON.HIGH COURT JUDGE COLOMBO,,Imprest TO HO,E,Imprest From HO-P,,A02,328/20,P,2,775073.00,0.00,,775073.00,
13/2020,2/28/2020,2251132.00,0.00,,HON.HIGH COURT JUDGE HIGH COURT COLOMBO-12,,Imprest to HO,E,Imprest From HO-P,,A02,328/20,P,2,2251132.00,0.00,,2251132.00,
17/2020,3/31/2020,5372991.00,0.00,,HON.HIGH COURT JUDGE COLOMBO,,IMPREST TO HC,E,Imprest From HO-P,,A02,328/20,P,3,5372991.00,0.00,,5372991.00,
