01/2021,1/18/2021,2629904.00,0.00,,HON.HIGH COURT JUDGE -  HIGH COURT COLOMBO-12,,Imprest TO  HO,E,Imprest From HO-P,,A02,328/21,P,1,2629904.00,0.00,,2629904.00,
05/2021,1/29/2021,895748.00,0.00,,HON.HIGH COURT JUDGE -  HIGH COURT COLOMBO-12,,Imprest TO HO,E,Imprest From HO-P,,A02,328/21,P,1,895748.00,0.00,,895748.00,
08/2021,2/15/2021,2874184.00,0.00,,HON.HIGH COURT JUDGE COLOMBO,,Imprest to HO,E,Imprest From HO-P,,A02,328/21,P,2,2874184.00,0.00,,2874184.00,
11/2021,2/25/2021,3138608.00,0.00,,HON.HIGH COURT JUDGE COLOMBO-12,,Imprest TO HO,E,Imprest From HO-P,,A02,328/21,P,2,3138608.00,0.00,,3138608.00,
16/2021,3/15/2021,6163455.00,0.00,,HON HIGH COURT JUDGE HIGH COUT COLOMBO,,Imprest TO HO,E,Imprest From HO-P,,A02,328/21,P,3,6163455.00,0.00,,6163455.00,
22/2021,3/31/2021,3219434.00,0.00,,HON.HIGH COURT JUDGE HIGH COUT COLOMBO-12,,Imprest TO HO,E,Imprest From HO-P,,A02,328/21,P,3,3219434.00,0.00,,3219434.00,
