01/2018,1/16/2018,1095947.00,0.00,,HC JUDGE COLOMBO,,Imprest To HO,E,Imprest From HO-P,,A02,328/18,P,1,1095947.00,0.00,,1095947.00,
06/2018,1/30/2018,1781229.00,0.00,,HC JUDGE COLOMBO,,Imprest to HO,E,Imprest From HO-P,,A02,328/18,P,1,1781229.00,0.00,,1781229.00,
14/2018,2/16/2018,1614163.00,0.00,,HC JUDGE COLOMBO 12,,Imprest To HO,E,Imprest From HO-P,,A02,328/18,P,2,1614163.00,0.00,,1614163.00,
15/2018,2/28/2018,1104649.00,0.00,,HC JUDGE COLOMBO 12,,Imprest to HO,E,Imprest From HO-P,,A02,328/18,P,2,1104649.00,0.00,,1104649.00,
21/2018,3/15/2018,1128623.50,0.00,,HIGH COURT COLOMBO,,IMPREST TO HIGH COURT COLOMBO,E,Imprest From HO-P,,A02,328/18,P,3,1128623.50,0.00,,1128623.50,
26/2018,3/29/2018,1872765.00,0.00,,HIGH COURT JUDGE HIGH COURT COLOMBO-12,,IMPREST TO HIGH COURT COLOMBO,E,Imprest From HO-P,,A02,328/18,P,3,1872765.00,0.00,,1872765.00,
30/2018,4/12/2018,2150199.00,0.00,,HIGH COURT COLOMBO,,IMPREST TO HC,E,Imprest From HO-P,,A02,328/18,P,4,2150199.00,0.00,,2150199.00,
32/2018,4/27/2018,2978883.00,0.00,,high court colombo,,Imprest to Hc,E,Imprest From HO-P,,A02,328/18,P,4,2978883.00,0.00,,2978883.00,
