01/2019,1/14/2019,2413912.00,0.00,,HIGH COURT JUDGE COLOMBO,,Imprest TO HO,E,Imprest From HO-P,,A02,328/19,P,1,2413912.00,0.00,,2413912.00,228
07/2019,1/31/2019,12970725.00,0.00,,HIGH COURT JUDGE COLOMBO,,Imprest TO HO,E,Imprest From HO-P,,A02,328/19,P,1,12970725.00,0.00,,12970725.00,228
12/2019,2/15/2019,6173828.00,0.00,,HIGH COURT JUDGE,,IMPREST TO HO,E,Imprest From HO-P,,A02,328/19,P,2,6173828.00,0.00,,6173828.00,228
21/2019,2/28/2019,3618829.25,0.00,,HIGH COURT JUDGE HIGH COURT COLOMBO,,Imprest TO HO,E,Imprest From HO-P,,A02,328/19,P,2,3618829.25,0.00,,3618829.25,228
24/2019,3/15/2019,5925731.43,0.00,,HIGH COURT JUDGE COLOMBO,,IMPREST TO HC,E,Imprest From HO-P,,A02,328/19,P,3,5925731.43,0.00,,5925731.43,228
29/2019,3/29/2019,96228775.00,0.00,,HIGH COURT JUDGE COLOMBO,,IMPREST TO HC,E,Imprest From HO-P,,A02,328/19,P,3,96228775.00,0.00,,96228775.00,228
39/2019,4/11/2019,2736000.00,0.00,,HIGH COURT JUDGE COLOMBO,,IMPREST TO HO,E,Imprest From HO-P,,A02,328/19,P,4,2736000.00,0.00,,2736000.00,228
43/2019,4/30/2019,1107965.00,0.00,,HON.HIGH COURT JUDGE COLOMBO,,Imprest TO HO,E,Imprest From HO-P,,A02,328/19,P,4,1107965.00,0.00,,1107965.00,228
46/2019,5/15/2019,25540917.50,0.00,,HON HIGH COURT JUDGE,,,E,Imprest From HO-P,,A02,328/19,P,5,25540917.50,0.00,,25540917.50,
58/2019,5/31/2019,4504033.08,0.00,,HON.HIGH COURT JUDGE - COLOMBO,,Imprest TO HO,E,Imprest From HO-P,,A02,328/19,P,5,4504033.08,0.00,,4504033.08,
60/2019,6/14/2019,2403653.00,0.00,,high court judge colombo,,Imprest to HO,E,Imprest From HO-P,,A02,328/19,P,6,2403653.00,0.00,,2403653.00,
65/2019,6/28/2019,6327784.00,0.00,,HIGH COURT JUDGE COLOMBO-12,,Imprest TO HO,E,Imprest From HO-P,,A02,328/19,P,6,6327784.00,0.00,,6327784.00,
67/2019,7/15/2019,1421831.00,0.00,,HIGH COURT JUDGE COLOMBO-12,,Imprest TO HO,E,Imprest From HO-P,,A02,328/19,P,7,1421831.00,0.00,,1421831.00,
72/2019,7/31/2019,2655452.00,0.00,,HIGH COURT JUDGE COLOMBO-12,,Imprest TO HO,E,Imprest From HO-P,,A02,328/19,P,7,2655452.00,0.00,,2655452.00,
78/2019,8/16/2019,4857594.00,0.00,,HIGH COURT JUDGE COLOMBO-12,,Imprest TO HO,E,Imprest From HO-P,,A02,328/19,P,8,4857594.00,0.00,,4857594.00,
80/2019,8/30/2019,7642403.25,0.00,,HIGH COURT JUDGE HIGH COURT COLOMBO,,Imprest TO HO,E,Imprest From HO-P,,A02,328/19,P,8,7642403.25,0.00,,7642403.25,
