01/2019,1/14/2019,2413912.00,0.00,,HIGH COURT JUDGE COLOMBO,,Imprest TO HO,E,Imprest From HO-P,,A02,328/19,P,1,2413912.00,0.00,,2413912.00,
07/2019,1/31/2019,12970725.00,0.00,,HIGH COURT JUDGE COLOMBO,,Imprest TO HO,E,Imprest From HO-P,,A02,328/19,P,1,12970725.00,0.00,,12970725.00,
12/2019,2/15/2019,6173828.00,0.00,,HIGH COURT JUDGE,,IMPREST TO HO,E,Imprest From HO-P,,A02,328/19,P,2,6173828.00,0.00,,6173828.00,
21/2019,2/28/2019,3618829.25,0.00,,HIGH COURT JUDGE HIGH COURT COLOMBO,,Imprest TO HO,E,Imprest From HO-P,,A02,328/19,P,2,3618829.25,0.00,,3618829.25,
24/2019,3/15/2019,5925731.43,0.00,,HIGH COURT JUDGE COLOMBO,,IMPREST TO HC,E,Imprest From HO-P,,A02,328/19,P,3,5925731.43,0.00,,5925731.43,
29/2019,3/29/2019,96228775.00,0.00,,HIGH COURT JUDGE COLOMBO,,IMPREST TO HC,E,Imprest From HO-P,,A02,328/19,P,3,96228775.00,0.00,,96228775.00,
39/2019,4/11/2019,2736000.00,0.00,,HIGH COURT JUDGE COLOMBO,,IMPREST TO HO,E,Imprest From HO-P,,A02,328/19,P,4,2736000.00,0.00,,2736000.00,
43/2019,4/30/2019,1107965.00,0.00,,HON.HIGH COURT JUDGE COLOMBO,,Imprest TO HO,E,Imprest From HO-P,,A02,328/19,P,4,1107965.00,0.00,,1107965.00,
